<modification>
	<name>PDF Wizard</name>
	<code>monolithforge-pdf-wizard</code>
	<version>3-8-dev</version>
	<author>monolithforge.com</author>
	<link>https://www.monolithforge.com</link>
	<file path="admin/controller/common/column_left.php">
		<operation>
			<search><![CDATA[if ($marketplace) {]]></search>
			<add position="before"><![CDATA[
			if ($this->user->hasPermission('access', 'extension/pdf_wizard')) {
				$marketplace[] = array(
					'name'	   => $this->language->get('text_pdf_wizard'),
					'href'     => $this->url->link('extension/pdf_wizard', 'user_token=' . $this->session->data['user_token'], true),
					'children' => array()
				);
			}
			]]></add>
		</operation>
	</file>
	<file path="admin/language/*/common/column_left.php">
		<operation>
			<search><![CDATA[$_['text_backup']]]></search>
			<add position="after"><![CDATA[
$_['text_pdf_wizard']             = 'PDF Wizard';
			]]></add>
		</operation>
	</file>
	
	
	<file path="catalog/controller/account/order.php">
		<operation>
			<search><![CDATA[$data['continue'] = $this->url->link('account/order', '', true);]]></search>
			<add position="after"><![CDATA[
			$data['pdf_wizard_orderinfo_base_href'] = $this->url->link('extension/module/pdf_wizard/orderinfo', 'order_id=' . $order_id, true);
			if (trim($this->config->get('pdf_wizard_settings_use_pdf_button_on_order_details')) == "" || $this->config->get('pdf_wizard_settings_use_pdf_button_on_order_details') == "1") {
				$data["pdf_wizard_settings_use_pdf_button_on_order_details"] = true;
			}
			else {
				$data["pdf_wizard_settings_use_pdf_button_on_order_details"] = false;
			}
			]]></add>
		</operation>
	</file>
	<file path="catalog/view/theme/*/template/account/order_info.twig">
		<operation>
			<search><![CDATA[</h2>]]></search>
			<add position="replace"><![CDATA[
{% if pdf_wizard_settings_use_pdf_button_on_order_details %}<div class="pull-right"><a href="{{pdf_wizard_orderinfo_base_href}}" target="_blank" class="btn btn-danger"><i class="fa fa-file-pdf-o" aria-hidden="true"></i> PDF</a>{% endif %}</h2>
			]]></add>
		</operation>
	</file>
	<!-- 3.1.0.0 uses h1 instead of h2 -->
	<file path="catalog/view/theme/*/template/account/order_info.twig">
		<operation>
			<search><![CDATA[</h1>]]></search>
			<add position="replace"><![CDATA[
{% if pdf_wizard_settings_use_pdf_button_on_order_details %}<div class="float-right"><a href="{{pdf_wizard_orderinfo_base_href}}" target="_blank" class="btn btn-danger"><i class="far fa-file-pdf" aria-hidden="true"></i> PDF</a>{% endif %}</h2>
			]]></add>
		</operation>
	</file>
	
	<file path="admin/controller/marketplace/modification.php">
		<operation>
			<search><![CDATA[$data['footer'] = $this->load->controller('common/footer');]]></search>
			<add position="after"><![CDATA[
			$data["pdf_wizard_link"] = "";
			if ($this->user->hasPermission('access', 'extension/pdf_wizard')) {
				$pdf_wizard_link = $this->url->link('extension/pdf_wizard', 'user_token=' . $this->session->data['user_token'], true);
				$data["pdf_wizard_link"] = $pdf_wizard_link;
			}
			]]></add>
		</operation>
	</file>
	<file path="admin/view/template/marketplace/modification.twig">
		<operation>
			<search><![CDATA[{% if not modification.enabled %}]]></search>
			<add position="before"><![CDATA[
			{% if modification.name == "PDF Wizard" and pdf_wizard_link != "" %}
			<a href="{{ pdf_wizard_link }}" data-toggle="tooltip" title="" class="btn btn-primary" data-original-title="Edit"><i class="fa fa-pencil"></i></a>
			{% endif %}
			]]></add>
		</operation>
	</file>
	
	<file path="admin/controller/sale/order.php">
		<operation>
			<search><![CDATA[$this->response->setOutput($this->load->view('sale/order_info', $data));]]></search>
			<add position="before"><![CDATA[
				$data['pdf_wizard_admin_orderinfo_base_href'] = $this->url->link('extension/pdf_wizard/admin_orderinfo', 'user_token=' . $this->session->data['user_token'] . '&order_id=' . $order_id, true);
				if (trim($this->config->get('pdf_wizard_settings_use_pdf_button_on_admin_order_info')) == "" || $this->config->get('pdf_wizard_settings_use_pdf_button_on_admin_order_info') == "1") {
					$data["pdf_wizard_settings_use_pdf_button_on_admin_order_info"] = true;
				}
				else {
					$data["pdf_wizard_settings_use_pdf_button_on_admin_order_info"] = false;
				}
				$version_split = explode("_", VERSION);
				if (version_compare($version_split[0], "3.1.0.0") >= 0) {
					$data["bs4"] = true;
				}
				else {
					$data["bs4"] = false;
				}
			]]></add>
		</operation>
	</file>
	<file path="admin/view/template/sale/order_info.twig">
		<operation>
			<search><![CDATA[<a href="{{ invoice }}" target="_blank" data-toggle="tooltip" title="{{ button_invoice_print }}" class="btn btn-info">]]></search>
			<add position="replace"><![CDATA[
{% if pdf_wizard_settings_use_pdf_button_on_admin_order_info %}<a href="{{ pdf_wizard_admin_orderinfo_base_href }}" target="_blank" data-toggle="tooltip" title="PDF Wizard (Order Info)" class="btn btn-danger"><i class="{% if bs4 %}far fa-file-pdf{% else %}fa fa-file-pdf-o{% endif %}"></i> PDF</a> {% endif %}<a href="{{ invoice }}" target="_blank" data-toggle="tooltip" title="{{ button_invoice_print }}" class="btn btn-info">
			]]></add>
		</operation>
	</file>
	
</modification>
